ユーザID,氏名,読み仮名
id0001,相川 真悠子,あいかわ まゆこ
id0002,青山 真奈美,あおやま まなみ
id0003,石川 明日香,いしかわ あすか
id0004,石黒 和美,いしぐろ かずみ
id0005,石田 千鶴,いしだ ちづる
id0006,伊藤 宏,いとう ひろし
id0007,井上 翔太,いのうえ しょうた
id0008,井上 洋介,いのうえ ようすけ
id0009,岩崎 裕子,いわさき ゆうこ
id0010,梅田 隆二,うめだ りゅうじ
id0011,大沢 真希,おおさわ まき
id0012,大島 美香,おおしま みか
id0013,大谷 裕太,おおたに ゆうた
id0014,大西 慎太郎,おおにし しんたろう
id0015,大橋 大輔,おおはし だいすけ
id0016,岡本 隆太,おかもと りゅうた
id0017,小田 裕美子,おだ ゆみこ
id0018,小野 美樹,おの みき
id0019,片山 裕介,かたやま ゆうすけ
id0020,加藤 太郎,かとう たろう
id0021,加納 真央,かのう まお
id0022,川崎 幸子,かわさき さちこ
id0023,菊地 孝司,きくち こうじ
id0024,北村 悠斗,きたむら ゆうと
id0025,木村 健太郎,きむら けんたろう
id0026,栗原 隆司,くりはら りゅうじ
id0027,小西 佳子,こにし よしこ
id0028,小林 光子,こばやし みつこ
id0029,小松 悟,こまつ さとる
id0030,小山 裕也,こやま ゆうや
id0031,斎藤 聡,さいとう さとし
id0032,佐々木 健太,ささき けんた
id0033,佐々木 美穂,ささき みほ
id0034,佐々野 真理,ささの まり
id0035,佐藤 光男,さとう みつお
id0036,沢田 美和,さわだ みわ
id0037,篠原 卓司,しのはら たくじ
id0038,柴田 裕美,しばた ゆみ
id0039,清水 芳子,しみず よしこ
id0040,杉山 千尋,すぎやま ちひろ
id0041,鈴木 未来,すずき みく
id0042,須藤 裕太,すどう ゆうた
id0043,関口 健一,せきぐち けんいち
id0044,高木 真悠,たかぎ まゆ
id0045,高田 美緒,たかだ みお
id0046,高橋 健太郎,たかはし けんたろう
id0047,田口 太一,たぐち たいち
id0048,田中 花子,たなか はなこ
id0049,谷口 真希,たにぐち まき
id0050,田村 美緒,たむら みお
id0051,土井 恵子,どい けいこ
id0052,内藤 佳子,ないとう よしこ
id0053,中嶋 千穂,なかじま ちほ
id0054,野口 由美,のぐち ゆみ
id0055,浜田 博子,はまだ ひろこ
id0056,林 さやか,はやし さやか
id0057,福岡 裕太郎,ふくおか ゆうたろう
id0058,藤原 光男,ふじわら みつお
id0059,前田 翔,まえだ しょう
id0060,松井 亜美,まつい あみ
id0061,松本 里美,まつもと さとみ
id0062,村山 正人,むらやま まさと
id0063,望月 卓司,もちづき たくじ
id0064,森田 美穂,もりた みほ
id0065,森本 美咲,もりもと みさき
id0066,矢野 翔太,やの しょうた
id0067,山内 美佳,やまうち みか
id0068,山口 美希,やまぐち みき
id0069,山田 明,やまだ あきら
id0070,山本 美智子,やまもと みちこ
id0071,横山 真理子,よこやま まりこ
id0072,吉岡 翔太,よしおか しょうた
id0073,吉田 美咲,よしだ みさき
id0074,吉村 美香子,よしむら みかこ
id0075,渡辺 一郎,わたなべ いちろう
